email_id,date,sender,recipients,cc,subject,body
1,2026-01-03 09:15:00,alice.customer@northwind.com,support@ecorp.com,,Login error after password reset,"Hello team, I am unable to access the dashboard after resetting my password. The error message says invalid token and the issue is blocking my work. I am frustrated because this is urgent."
2,2026-01-03 10:02:00,support.agent@ecorp.com,alice.customer@northwind.com,lead.support@ecorp.com,Re: Login error after password reset,"Hi Alice, thank you for reporting the issue. We identified the login bug and we are working on a fix right now. I am sorry for the inconvenience and I hope to resolve it very quickly."
3,2026-01-04 08:41:00,bob.operations@northwind.com,support@ecorp.com,,Broken export feature in analytics panel,The export feature is broken again and the generated file is empty. This problem is very annoying for the operations team and we need a stable solution today.
4,2026-01-04 12:10:00,support.agent@ecorp.com,bob.operations@northwind.com,,Re: Broken export feature in analytics panel,We deployed a patch for the export issue and initial tests look good. Please try again and confirm whether the report works correctly now. Thank you for your patience.
5,2026-01-05 15:20:00,carla.it@northwind.com,support@ecorp.com,security@northwind.com,API timeout and connection failure,Our integration with your API is timing out and several requests fail with a connection error. The situation is serious because the service is unstable and users are complaining.
6,2026-01-05 17:05:00,lead.support@ecorp.com,carla.it@northwind.com,support.agent@ecorp.com,Re: API timeout and connection failure,We found the root cause of the timeout and the service performance is improving. The latest monitoring results are positive and the connection should be reliable again this evening.
7,2026-01-06 09:00:00,finance@bluewave.io,billing@ecorp.com,,Invoice 4831 looks incorrect,"Good morning, the invoice amount for January looks incorrect and the subscription fee seems higher than agreed. We are disappointed and would appreciate a quick review."
8,2026-01-06 11:32:00,billing.agent@ecorp.com,finance@bluewave.io,,Re: Invoice 4831 looks incorrect,Thank you for the note. We checked the invoice and found a billing configuration mistake. We will issue a corrected invoice and a refund today.
9,2026-01-07 08:14:00,accounts@greenrail.net,billing@ecorp.com,,Payment confirmation for February subscription,This email confirms that the payment for the February subscription was completed successfully. Everything looks correct on our side and we are happy with the process.
10,2026-01-07 13:47:00,billing.agent@ecorp.com,accounts@greenrail.net,finance.manager@ecorp.com,Re: Payment confirmation for February subscription,"Great, thank you for the confirmation. We are pleased to hear that the payment process was smooth. Please let us know if you need any additional invoice document."
11,2026-01-08 10:25:00,purchasing@urbanfoods.es,billing@ecorp.com,controller@urbanfoods.es,Charged twice for annual renewal,We were charged twice for the annual renewal and this duplicate payment is a serious problem for our accounting team. Please reverse the extra charge as soon as possible.
12,2026-01-08 16:10:00,finance.manager@ecorp.com,purchasing@urbanfoods.es,billing.agent@ecorp.com,Re: Charged twice for annual renewal,I understand the concern and I apologize for the duplicate charge. The second payment has already been refunded and the banking notice should arrive shortly. Thank you for your understanding.
13,2026-01-09 09:50:00,hr@ecorp.com,candidate.maria@gmail.com,,Interview invitation for data analyst role,"Hello Maria, we reviewed your application and we were impressed by your profile. We would like to invite you to an interview next week to discuss the data analyst position."
14,2026-01-09 12:30:00,candidate.maria@gmail.com,hr@ecorp.com,,Re: Interview invitation for data analyst role,Thank you very much for the invitation. I am excited about the opportunity and I would be delighted to meet the team next week.
15,2026-01-10 10:05:00,recruiter@ecorp.com,candidate.daniel@gmail.com,hr@ecorp.com,Next steps after technical interview,"Hi Daniel, thank you for the great conversation yesterday. The panel gave very positive feedback and we would like to move your application to the final stage."
16,2026-01-10 18:42:00,candidate.daniel@gmail.com,recruiter@ecorp.com,,Re: Next steps after technical interview,I appreciate the update and I am very happy to continue in the process. The interview was engaging and the role sounds excellent.
17,2026-01-11 08:20:00,hr@ecorp.com,candidate.lucy@gmail.com,,Position closed update,"Thank you for your interest in the position. We enjoyed meeting you, but we decided to move forward with another candidate. We understand this news may be disappointing."
18,2026-01-11 11:11:00,candidate.lucy@gmail.com,hr@ecorp.com,,Re: Position closed update,"Thank you for letting me know. Although I am disappointed, I appreciate the transparent process and I hope we can stay in touch for future roles."
